id,name,model_id,group_id/id,operation,domain
access_dynamic_dashboard_user_read,dynamic.dashboard.user.read,dynamic.dashboard,odoo_dynamic_dashboard_group_user,r,"['|', ('user_id', '=', user.id), ('is_shared', '=', True)]"
access_dynamic_dashboard_user_write,dynamic.dashboard.user.write,dynamic.dashboard,odoo_dynamic_dashboard_group_user,cud,"[('user_id', '=', user.id)]"
access_dynamic_dashboard_manager,dynamic.dashboard.manager,dynamic.dashboard,odoo_dynamic_dashboard_group_manager,crud,
access_dynamic_dashboard_block_user_read,dynamic.dashboard.block.user.read,dynamic.dashboard.block,odoo_dynamic_dashboard_group_user,r,"['|', ('dashboard_id.user_id', '=', user.id), ('dashboard_id.is_shared', '=', True)]"
access_dynamic_dashboard_block_user_write,dynamic.dashboard.block.user.write,dynamic.dashboard.block,odoo_dynamic_dashboard_group_user,cud,"[('dashboard_id.user_id', '=', user.id)]"
access_dynamic_dashboard_block_manager,dynamic.dashboard.block.manager,dynamic.dashboard.block,odoo_dynamic_dashboard_group_manager,crud,
access_ir_model_dynamic_dashboard_user,ir.model.dynamic.dashboard.user,ir.model,odoo_dynamic_dashboard_group_user,r,
access_ir_model_fields_dynamic_dashboard_user,ir.model.fields.dynamic.dashboard.user,ir.model.fields,odoo_dynamic_dashboard_group_user,r,
access_dynamic_dashboard_menu_read,dynamic.dashboard.menu.read,dynamic.dashboard,base.group_user,r,"[('menu_id.group_ids', 'in', user.all_group_ids.ids)]"
access_dynamic_dashboard_block_menu_read,dynamic.dashboard.block.menu.read,dynamic.dashboard.block,base.group_user,r,"[('dashboard_id.menu_id.group_ids', 'in', user.all_group_ids.ids)]"
